RENDSZAM;TIPUS;SZIN;GYARTEV;TULAJDONOS;ERTEK
AAA-123;Suzuki;Piros;2011;Nagy Benõ;1120000
AAA-124;Mazda;Kék;2013;Közepes János;3500000
AAA-126;Skoda;Fekete;1990;Olcsó Lujza;500000
AAA-234;Suzuki;Piros;2010;Fazekas Csaba;600000
AAA-289;Opel;Kék;2007;Borisz Jelcin;617250
AAA-778;Suzuki;Piros;2010;Farkas Helga;2250000
AAA-779;Renault;Kék;1998;Rankli Emma;600000
AAA-834;Maruti;Fehér;2015;Odor Emilia;1750000
AAA-987;Opel;Fehér;2014;Antall József;12300000
AAA-989;Mazda;Piros;2014;Ács Anita;9000000
AAA-992;Skoda;Fehér;2010;Varga Ildikó;1100000
ABA-041;Lada;Fehér;2005;Kovács Géza;600000
ABA-069;Mazda;Piros;2013;Kulifai István;615000
ABA-124;Audi;Kék;2008;Régi Imre;2000000
ABA-134;Honda;Metálkék;2012;Sebes Tamás;616160
ABA-422;Skoda;Kék;2010;Farkasi Zsolt;2340000
ABC-123;Lada;Fehér;2008;Kiss István;750000
ABC-173;Lada;Fehér;2008;Kiss István;750000
ABC-175;Lada;Piros;2000;Kiss Elemér;800000
ABC-184;Opel;Piros;2005;Nagy Jenõné;1800009
ABC-186;Volkswagen;Fekete;2014;Gall Zsuzsa;2000000
ABC-187;Lada;Fehér;2016;Kõbér Máté;615000
ABC-188;Volkswagen;Bordó;2013;Degec Gábor;610000
ABC-189;Mercedes;Fekete;2004;Kovács Eszter;600000
ABD-124;Lada;Barna;2010;Zoltán Ede;750000
ABE-124;Mercedes;Fekete;2004;Horváth Balázs;998000
ABF-125;Mercedes;Fekete;2014;Orbán Viktor;4562312
ABN-987;Volga;Fekete;2007;Sugár Géza;1750000
ABS-478;Fiat;Piros;1998;Dr. Elme Géza;980000
ACA-432;Skoda;Kék;2017;Horthy Miklós;500000
ACD-034;Lada;Kék;2012;Háry János;1500000
ADA-840;Suzuki;Zöld;2010;Csókosdi Sarolta;800001
ADC-840;Suzuki;Zöld;2010;Csukardi Sándor;800001
ADC-845;Suzuki;Fekete;2010;Csuka Sándor;800000
ADD-223;Renault;Kék;1999;Balu Mihály;605000
ADD-267;Suzuki;Piros;2007;Feskó István;1600100
ADF-475;Lada;Zöld;2000;Palotás András;615001
ADF-840;Suzuki;Fekete;2010;Csukó Sándor;800000
ADR-104;Ford;Kék;2014;Magyar Teodóra;2540784
ADS-899;Volga;Kék;2013;Busa Éva;1234567
AEA-234;Ferrari;Kék;2017;Tatyi Matyi;1233454
AED-824;Volkswagen;Piros;2004;Nagy Jenõ;1250000
AFC-123;Lada;Fehér;2008;Kiss István;750000
AGY-111;Suzuki;Piros;2000;Karap Endre;1593400
AHA-777;Lada;Kék;2003;Egér Elemér;1200000
AHU-666;Suzuki;Zöld;2008;Bagoly Balázs;666661
AIR-069;Opel;Fehér;1999;Szatymaz Péter;2345000
AIT-112;Volkswagen;Kék;2009;Nagyobb Mihály;2444523
AMA-222;Suzuki;Piros;2011;Soma Viktor;500000
AMD-023;Volvo;Szürke;2013;Monty Péter;2500000
AMK-287;Lada;Piros;2008;BKV;1000000
AMK-342;Wartburg;Fekete;2009;Kovács Krisztina;925000
AMP-587;Lada;Piros;2008;Tóth Eszter;1000000
AMP-757;Lada;Piros;2008;BKV;1000000
AMP-777;Lada;Piros;2008;Kemler Anikó;1000000
AMP-787;Lada;Piros;2008;BRFK;1000000
ANI-999;Mercedes;Piros;2010;Szabó Péter;10909090
APA-100;Suzuki;Zöld;2008;Anonimus Fülöp;1380001
APA-345;Lada;Fehér;2007;Gyõri Marianna;1800000
APA-457;Wartburg;Zöld;2010;Laczó Jolán;1960121
APU-857;Wartburg;Zöld;2010;Lacza József;1960001
AQE-478;Wartburg;Zöld;2005;Szabó Béla;1000001
ARA-545;Toyota;Piros;2014;Horváth Zoltán;8880400
ARC-009;Volkswagen;Kék;2006;Kiss Róbertné;1150000
ARC-543;Volkswagen;Zöld;2003;Toldi Miklós;1680001
ASA-132;Skoda;Szürke;2010;Takács Csaba;615000
ASD-545;Wartburg;Fehér;2007;Horváth Mihály;960000
ASD-566;Volkswagen;Fehér;2007;Horváth Károly;1960000
ASD-576;Renault;Piros;2010;Farok Rozália;1000000
ASE-106;Opel;Kék;2004;Wendel Vera;2108563
ASE-114;Volkswagen;Piros;2009;Túr Jenõ;678990
ASE-476;Renault;Piros;2010;Gerleházi Levente;1000000
ASE-987;Seat;Szürke;2013;Yoko Olga;1700000
ASI-576;Fiat;Zöld;2007;Hugi Lilla;1600001
ASX-122;Suzuki;Fekete;2007;Geiger Zsuzsa;2300000
ATC-123;Lada;Fehér;2008;Kiss István;750000
AUW-175;Skoda;Fehér;2010;Tapsi Teréz;750000
AVC-549;Skoda;Kék;2004;Sánta Mária;1890000
AVC-556;Maruti;Kék;2004;Szente Mária;1890000
AVH-666;Audi;Fehér;2016;Kertész Zsuzsa;666000
AWD-064;Opel;Piros;2012;Tilli Anikó;1300000
AXC-498;Volkswagen;Piros;2009;Major Károly;1000000
AXW-123;Lada;Szürke;2005;Pergel József;615000
AXW-453;Porsche;Szürke;2011;Csendes Dalma;616170
AYJ-100;Lada;Zöld;2014;Kiss Pál;15000001
AYP-576;Renault;Piros;2010;Farkas Rozália;1000000
AZX-108;Lada;Fekete;2009;Árendás Viktor;1092045
BAB-422;Lada;Kék;2007;Somogyi Zoltán;725000
BAL-034;Volkswagen;Fehér;2007;Bábel Lajos;1150000
BAL-035;Lada;Fehér;2013;BRFK;500000
BAL-036;Lada;Fekete;2014;BRFK;500000
BAL-037;Lada;Piros;2013;Dunavölgye Iván;600000
BAL-038;Suzuki;Piros;2012;Krassói Kornélia;500000
BAM-776;Volkswagen;Piros;1996;Tivadar Zsolt;1540000
BBA-333;Opel;Piros;2000;Volák Krisztina;1400000
BBA-564;Wartburg;Zöld;2007;Helmai Gábor;698001
BBB-111;Opel;Zöld;1996;Moszkovics Béla;616001
BBB-345;Lotus;Fekete;2014;Kiss Csaba;36000000
BBB-892;Opel;Barna;2012;Beck Zsuzsa;1000000
BBB-899;Maruti;Fehér;2009;Debreceni Endre;1170000
BBC-123;Lada;Fehér;2009;Kiss István;750000
BBC-723;Lada;Fehér;2008;Kiss István;750000
BBY-001;Nissan;Kék;2005;Kiss Béla;1250000
BCB-561;Volkswagen;Piros;2002;Nagy Géza;1780000
BCD-124;Suzuki;Piros;1996;Simon Viktória;1000000
BCD-342;Renault;Zöld;2006;Fekete Gyula;1600001
BCD-456;Skoda;Zöld;2009;Buga Jakab;1400001
BCD-461;Suzuki;Fehér;2009;Buldog Bódog;750000
BCD-541;Suzuki;Piros;2002;Nagy Géza;1780000
BDA-124;Suzuki;Kék;2008;Csató Zsolt;617280
BDD-223;Renault;Kék;1999;Balt Márta;605000
BDE-867;Renault;Piros;2007;Dobó Katalin;900000
BDY-983;Volkswagen;Kék;2009;Kovács Géza;800000
BEL-445;Opel;Zöld;2009;Józsa László;600001
BEL-745;Lada;Zöld;2009;Józsa Erzsébet;600001
BFY-001;Nissan;Kék;2005;Nagy Béla;1250000
BFY-132;Renault;Fekete;2005;Szõcs Gyula;600000
BGD-344;Suzuki;Piros;1998;Dr. Denes András;925000
BGD-645;Volkswagen;Piros;1996;Tóth Virgil;725000
BIB-444;Lada;Piros;2012;Kovács Antalné;1700000
BIG-937;Ferrari;Piros;2016;Kovács János;2250000
BIM-665;Volkswagen;Zöld;2005;Elek Tivadar;1520001
BIT-678;Lada;Fehér;2010;BRFK;1250000
BKK-331;Lada;Piros;1999;Ernszt Antal;1596900
BKK-336;Wartburg;Piros;1999;Ernszt Antalné;1596900
BKV-739;Audi;Kék;2004;BKV;750000
BKV-740;Opel;Szürke;2004;BKV;750000
BLU-318;Suzuki;Kék;1998;Dr. Denes András;1700000
BMG-290;Wartburg;Kék;2009;BRFK;2000000
BMK-270;Lada;Kék;2008;BRFK;1750000
BMK-290;Volkswagen;Kék;2009;BRFK;2000000
BML-751;Renault;Piros;2000;Kovács Mária;640000
BMW-234;Suzuki;Fekete;2010;Kiss Pál;500000
BMW-456;Bmw;Kék;1999;Bíró Lajosné;1709260
BMW-666;Bmw;Barna;2010;Matelka Márta;6780000
BMW-898;Mercedes;Szürke;2009;Kób Máté;1780000
BNB-567;Opel;Fekete;2014;Tibeti Lajosné;4500000
BNB-988;Lada;Fehér;2002;Józsa Helga;1120000
BNH-986;Nissan;Kék;2007;Fábian Sándor;619500
BNM-876;Renault;Szürke;2007;Jávori Lilla;1356000
BNU-765;Volkswagen;Piros;2010;Szabó Tihamér;500000
BOB-710;Lada;Kék;2004;Gábor Áron;600000
BOM-887;Renault;Piros;1997;Tivadar Tibor;1560000
BON-344;Opel;Fehér;2009;Jánosi János;1200000
BOR-001;Audi;Piros;1996;Kiss Elemér;2440000
BOR-002;Skoda;Fekete;2016;Lordok Noémi;615000
BOR-999;Volkswagen;Piros;2000;Dávid Ede;905676
BRG-556;Lada;Kék;2009;Szántó Béláné;1000000
BRK-249;Nissan;Sárga;2010;Giga Gábor;2250000
BRK-254;Suzuki;Fehér;2010;BRFK;2250000
BTU-167;Suzuki;Lila;2007;Csekõ Kálmán;1234000
BTU-168;Suzuki;Szürke;2007;Kiss Tamás;640000
BUB-678;Wartburg;Sárga;2008;BKV;500000
BUF-437;Lada;Fehér;2012;Farkas Zsolt;1000000
BUJ-778;Volkswagen;Sárga;2004;Eke Erika;1880000
BUM-554;Wartburg;Barna;2004;Elekes Elek;1500000
BUU-234;Volkswagen;Lila;2012;Szabó Ottó;630000
BVG-456;Lada;Zöld;2005;Heisberger Ottó;1840001
BVG-765;Lada;Fekete;2011;Nagy Zoltán;1800000
BWN-514;Audi;Sárga;2013;Nagy Attila;1800000
BYA-153;Wartburg;Fekete;2010;Hajdú Imre;1000000
CBA-321;Skoda;Fekete;2011;Simon Klaudia;1000000
CCA-248;Volga;Fekete;2010;Piszter Emese;1200000
CCC-333;Lada;Fehér;2003;Havasi Gyula;600000
CCL-938;Renault;Fehér;2007;Dienes Imre;1000000
CCp-444;Lada;Fehér;2007;Papp Etelka;725000
CDA-525;Lotus;Sárga;2016;Levél Sándor;611610
CDB-536;Lada;Piros;1999;Várhelyi Szilvia;1250000
CDC-566;Lada;Sárga;1999;Csukárdi Szilvia;1250000
CDC-891;Skoda;Fehér;2000;Antal Lajos;2295000
CDC-948;Lada;Fehér;1999;Csukárdi Szilvia;1250000
CDE-234;Skoda;Sárga;2005;Kimiti Erzsébet;920000
CDE-409;Suzuki;Sárga;2012;Martens Miklós;1800000
CDE-843;Renault;Fehér;1998;Szarka Imre;925000
CDF-453;Lada;Fehér;2005;Varga Péter;550000
CDF-756;Volkswagen;Barna;1999;Kiss János;1000000
CDF-982;Suzuki;Zöld;2008;Acsai János;991000
CDN-123;Renault;Fehér;2010;Mattel Ferenc;615000
CDN-222;Skoda;Fehér;2008;Szedõ András;1120000
CDN-223;Volkswagen;Zöld;2009;Derzsi Vilmos;1500001
CDU-879;Suzuki;Fekete;2000;Kiss Zoltán;1150000
CDU-996;Skoda;Zöld;2002;Kovács József;1267146
CEA-223;Renault;Fekete;2005;Langyos Ferenc;876000
CEB-235;Audi;Szürke;2014;Hollósi Róbert;1234000
CEP-982;Opel;Sárga;2008;Körmendi Anita;9999999
CER-982;Skoda;Sárga;2008;Kormos Anita;9999999
CGS-032;Wartburg;Fehér;2010;Lantos Gyula;1710000
CGS-052;Wartburg;Fehér;2010;Lantos Gyula;500000
CGS-411;Skoda;Fehér;2000;BRFK;2250000
CGT-431;Skoda;Fehér;2000;Iskolai Márta;645000
CIA-002;Lotus;Fekete;1999;Bill Béla;2500000
CIA-101;Volkswagen;Fekete;1994;Bodó Csaba;4000000
CIB-345;Renault;Sárga;2008;Lajos Márton;930000
CIC-345;Skoda;Kék;2008;Lajos Mária;930000
CIF-111;Skoda;Kék;1999;Szabó Magdolna;800000
CIM-776;Wartburg;Fehér;2011;Tóth Ottó;1773945
CÍM-779;Wartburg;Fehér;2010;Szvetnyik János;500000
CKD-865;Skoda;Vörös;2013;Csokona Mihály;611160
CLW-778;Ford;Piros;2004;Lantos Tamás;525000
CMR-943;Lada;Fehér;2009;József Ágoston;1750000
CNJ-153;Lada;Bordó;1999;Juhász Ferenc;1200000
COB-119;Lada;Kék;2008;Úji Lilla;560098
COC-450;Lada;Fehér;2007;Kormos Endre;1800000
COC-567;Volkswagen;Sárga;2004;Fekete István;800000
CON-244;Skoda;Fehér;2003;Nagy Mihály;1250000
CON-482;Wartburg;Piros;1998;Balázs György;1640000
CPF-161;Skoda;Sárga;2011;Varga Miklós;1600000
CRT-435;Wartburg;Zöld;1998;Kaszab Csaba;800001
CTN-234;Suzuki;Piros;2010;Hajzer István;1960000
CTU-789;Renault;Sárga;1997;Rácz Tibor;780000
CUT-122;Fiat;Sárga;2013;Neandervölgyi Ede;1200000
CVF-999;Renault;Sárga;2005;Fodor Gábor;1100000
CVG-333;Suzuki;Zöld;2009;Bosnyák László;650001
CWA-249;Wartburg;Fehér;1998;Timár Gáborné;783500
CWF-756;Audi;Barna;1999;Kiss János;1000000
CYS-631;Audi;Sárga;2009;Simon Csaba;1500000
CZC-234;Wartburg;Zöld;2009;Nagy Péter;1560001
CZF-009;Renault;Piros;2004;Torma Zsuzsa;1320000
CZF-349;Renault;Szürke;2005;Torma Zsuzsa;1320000
CZK-945;Wartburg;Sárga;2004;Verõczky József;575000
CZL-938;Renault;Fehér;2007;Dénes Ildikó;1000000
CSE-555;Mazda;Zöld;2014;Csendes Eszter;615041
CSE-556;Seat;Zöld;2014;Csendes Eszter;604936
CSE-557;Seat;Zöld;2004;Csendes Eszterné;1500001
DAD-789;Skoda;Fehér;2012;Nagy Alfréd;1300000
DBF-767;Wartburg;Szürke;2007;Farkas Gábor;600000
DBL-828;Bmw;Szürke;2011;Tilli Lajos;3000000
DCB-135;Suzuki;Piros;2009;Kispéter Mihály;1128000
DCR-854;Opel;Fehér;1998;Horváth Imre;500000
DDD-339;Fiat;Barna;2007;Majercsin Adrienn;1165000
DDD-432;Renault;Zöld;2007;Kövér Hajnalka;780001
DDJ-709;Lada;Zöld;2011;Veroczky Viktorné;1789501
DEA-947;Suzuki;Zöld;2007;Vaszlavik Géza;987001
DEF-123;Zastava;Fehér;2013;Bélásdi János;615000
DEF-182;Renault;Zöld;2001;Simon Mihály;600001
DEG-776;Fiat;Fehér;2008;Farkas Zoltán;750000
DEK-542;Mercedes;Fekete;1996;Gombos Katalin;5004000
DEL-113;Volkswagen;Piros;1998;Rózsa Sándor;2956739
DEL-564;Skoda;Fehér;2012;Kiss Péter;600000
DER-120;Skoda;Fehér;2013;Aliz András;600000
DFA-698;Bmw;Szürke;2010;Bádog Ferenc;600000
DFG-432;Volkswagen;Fehér;2003;Csornai László;1560000
DFG-840;Suzuki;Sárga;2008;Csacsa Diana;800000
DGA-151;Lada;Fehér;2007;Kispéter Erzsébet;782500
DGA-167;Mercedes;Fekete;2015;Kovács János;4567890
DGA-200;Wartburg;Sárga;2001;Dózsa György;800000
DGA-819;Volkswagen;Piros;2012;Szabóka Sándor;1000000
DGL-123;Wartburg;Fekete;2012;Mezei Sándor;1900000
DHU-124;Volkswagen;Sárga;2007;Kar Tibor;833563
DJC-001;Suzuki;Piros;2008;Nagy Zoltánné;1275000
DKA-733;Volkswagen;Fehér;2016;Gombos Gábor;1500050
DPG-343;Wartburg;Piros;2012;Zápor József;1150000
DQL-110;Toyota;Szürke;1998;Sas Tamás;1637950
DRK-335;Volkswagen;Zöld;2013;Fischer Ildikó;500001
DSA-992;Mazda;Piros;2001;Kulifai András;1706620
DSC-654;Lada;Piros;2009;Puskás Tivadar;1560000
DSG-567;Suzuki;Sárga;2011;Farkas Sándor;915000
DSX-385;Seat;Metálzöld;2012;Muki Benõ;1750000
DTY-980;Lada;Piros;2000;Katona Lajos;1000000
DUD-789;Toyota;Fekete;2010;Tóth József;1000000
DUG-559;Volkswagen;Fekete;2002;Vilmos Zoltán;1840000
DUY-919;Fiat;Szürke;2013;Cseh Miklós;1000000
DVA-732;Lada;Sárga;2000;Molnár József;1000000
DYT-109;Skoda;Sárga;2016;Malter Zoltán;2345198
EAA-455;Skoda;Fehér;2009;Rocsa Anna;500000
EAA-543;Toyota;Fekete;2011;Körmendi András;700000
EAA-784;Maruti;Piros;2013;Kupai Mihály;7000000
EAA-840;Opel;Lila;2012;Verxler Gábor;2000000
EAA-883;Renault;Lila;2012;Ladányi Hedvig;45000000
EAB-126;Toyota;Zöld;2006;Kovács Jenõ;2500001
EAB-127;Audi;Zöld;2000;Tilli Noémi;2900001
EAB-263;Opel;Zöld;2006;Kovács Jenõ;2500001
EAB-342;Audi;Zöld;2000;Tilli Noémi;2900001
ECD-367;Renault;Piros;2009;Tottosik Szilvia;590000
ECD-667;Renault;Piros;2009;Turcsányi Szilvia;590000
EDE-781;Skoda;Sárga;2010;Baksa Zsolt;1400000
EDF-453;Volkswagen;Zöld;2005;Nagy Péter;625001
EDR-657;Volkswagen;Fehér;2013;Kiss Miklós;1400000
EDV-346;Lada;Fekete;2013;Fehér Endre;700000
EEA-050;Ford;Sárga;2011;Kakas Kázmér;1295980
EER-459;Lada;Sárga;2008;Hollósi Mónika;1600000
EFA-970;Maruti;Lila;2012;Ladányi Gábor;45000000
EFG-963;Zastava;Fehér;1998;Balázs Ernõ;1200000
EGG-356;Renault;Fehér;2014;Közepes Tamás;1600000
EIZ-701;Citroen;Piros;2013;Bábel Lajosné;2370000
ELM-543;Toyota;Fekete;2011;Kocka András;700000
EOA-745;Skoda;Fekete;2009;Rózsa Anna;500000
EPE-745;Skoda;Fehér;2009;Korányi Erzsébet;500000
ERK-349;Suzuki;Kék;2008;Kiss Éva;545000
ERK-353;Opel;Kék;2015;Kövi Éva;545000
ERT-366;Volvo;Kék;2014;Déri András;12000000
ERT-654;Lada;Piros;2010;Nagy Tibor;728180
ERT-852;Skoda;Kék;2005;Halek Zsolt;500000
ERZ-435;Lada;Kék;2010;Szaller Tibor;1150000
ERZ-465;Lada;Kék;2010;Mihályi Tibor;1150000
EWA-122;Renault;Piros;2017;Hurka György;1000005
EWR-346;Volkswagen;Kék;2012;Barsi Etelka;500000
FAK-668;Skoda;Fehér;2004;Fejér Krisztina;500000
FCS-001;Suzuki;Piros;2007;Farkas Csaba;500000
FCS-002;Nissan;Piros;2004;Farkas Róbert;500000
FCS-678;Skoda;Zöld;2010;Gárdos Csilla;872365
FDC-467;Suzuki;Fehér;1999;Szendrõ Zoltán;640000
FEJ-000;Honda;Kék;2012;Tóth Ottóné;2345686
FER-459;Renault;Kék;2008;Hollós Noémi;600000
FER-784;Mercedes;Fekete;2013;Pozsgai Imre;21999999
FEW-118;Renault;Fehér;2007;Adelfi Julia;4320000
FFA-557;Skoda;Lila;2007;Szekeres György;800900
FFB-121;Skoda;Fehér;1996;Kovalcsik Emil;700000
FGJ-545;Suzuki;Piros;2009;Dugó Titusz;1780000
FGJ-592;Suzuki;Piros;2009;Dugovics Titusz;1780000
FRR-002;Lada;Zöld;2010;Leimeter Gabriella;1560001
FRR-090;Mazda;Fehér;2011;BRFK;14500000
FRR-096;Mazda;Piros;2011;Nagy Mari;34512000
FRR-098;Lada;Piros;1997;BRFK;1154500
FRR-099;Lada;Fehér;2007;BRFK;1745000
FRR-100;Maruti;Zöld;2011;Alam Gyula;89000001
FRR-101;Toyota;Fehér;2011;Varázs Lajos;3450000
FRR-120;Wartburg;Zöld;2006;Varga Vilmos;1120001
FRR-121;Wartburg;Fekete;2013;Varga Vilmosné;1230000
FRR-567;Renault;Zöld;2011;Alam Mirinda;2000001
FRT-527;Renault;Kék;2009;BRFK;500000
FST-698;Lada;Zöld;2007;Hunyadi János;1740001
FTC-000;Mercedes;Fehér;2010;Kiss Károly;16000000
FTC-004;Opel;Kék;2003;Vari Imre;1000000
FTC-993;Bmw;Piros;2014;Tóth Ottó;15000000
FUT-339;Suzuki;Fekete;2000;Ákos Brunó;1800000
FXA-099;Lada;Fehér;2016;Ormándi Tamás;500000
GBA-644;Volkswagen;Kék;1998;Károlyházi Frigyes;2400000
GBA-674;Volkswagen;Zöld;1998;Kálmán Katalin;1600001
GDU-569;Wartburg;Zöld;1999;Holló János;900001
GEK-103;Maruti;Kék;2017;Kovács Lajos;45673456
GEN-231;Volkswagen;Fehér;1998;Bodnár Júlia;1170000
GFE-727;Ford;Kék;2013;Frey Eszter;1100000
GGA-325;Volga;Fehér;2007;Lunczer Anna;616170
GGG-888;Mazda;Fekete;2010;Arfet Zoltán;1600000
GGU-996;Lada;Kék;2010;Bagoly Elek;750000
GGW-351;Opel;Barna;2015;Lovász Dénes;560000
GHJ-567;Volkswagen;Piros;1999;Roman Róbert;1200000
GHU-678;Skoda;Zöld;2008;Safrenek Ernõ;650001
GHY-786;Nissan;Kék;1999;Láng Linda;600000
GIG-457;Suzuki;Piros;2000;Nagy Mihály;500000
GKA-374;Ford;Fekete;2009;Szocsi Kelemen;500000
GRA-768;Renault;Fehér;2006;Józsa Vilmosné;1800000
GTJ-125;Ford;Kék;2007;Alma Zsófia;7579367
GTY-778;Toyota;Zöld;2010;Dera Katalin;1450001
GUB-669;Volkswagen;Zöld;2003;Zoltán Erika;1860001
GGY-921;Mazda;Lila;2012;Cidri Cecillia;3200000
HAH-909;Volkswagen;Fehér;1999;Skara László;712000
HAT-666;Opel;Kék;2012;Torpai Marianna;2300001
HBN-452;Toyota;Fehér;2012;Velep Orsolya;2800000
HET-777;Skoda;Kék;1998;Elvis Imre;2250000
HGA-410;Suzuki;Fehér;2006;Bodányi Álmos;860000
HGF-364;Opel;Fehér;2010;Jekun Zénó;1700000
HGF-478;Volkswagen;Kék;2015;Szaniszló Imre;945350
HGJ-999;Renault;Fekete;2005;Gerzsi Dénes;1100000
HHA-121;Opel;Kék;2005;Varga Ildikó;567890
HHU-996;Lada;Kék;2010;Bagoly Elek;750000
HJK-786;Skoda;Fehér;2006;Babulka Vilmos;1100000
HJT-184;Renault;Kék;2003;Fekete József;680000
HRA-993;Lada;Fekete;2010;Handa Róbert;1000000
HTO-764;Suzuki;Kék;2010;Hajdu Marianna;820000
HTO-877;Skoda;Fekete;2009;Hermann András;615000
HUH-754;Volkswagen;Fehér;1996;Hufnáger István;505000
HUO-983;Skoda;Kék;2006;Keserû Katalin;1000000
HYT-914;Bmw;Kék;2000;Atry Elek;1200000
HYZ-789;Skoda;Fekete;2005;Lazsa Péter;752000
IBM-105;Skoda;Vörös;2008;Elvtárs Lajos;500000
IBM-386;Skoda;Fehér;2005;Sipos Ferenc;2358764
ICA-983;Skoda;Fekete;1997;Szomi Simon;2005000
IEA-212;Toyota;Fehér;1996;Drakhon Attila;8787000
IEA-234;Volkswagen;Kék;2007;Ramszesz Róbert;9876000
IIA-111;Volkswagen;Kék;2007;Silvester Sándor;675195
IIA-221;Volkswagen;Kék;2014;Tresó Gábor;616105
IIA-649;Volga;Piros;2012;Napholcz Rita;1173330
III-315;Suzuki;Zöld;2016;Kos Iván;600501
III-777;Jaguar;Piros;2010;Molnár József;1163150
IJA-464;Skoda;Lila;2000;Csori Gábor;1050000
IOO-894;Ford;Barna;2010;Varga Dezsõ;691340
IPO-105;Fiat;Fehér;1996;Yutai Károly;765494
IUB-076;Toyota;Fehér;2012;Szike Béla;2500000
JAJ-333;Skoda;Kék;2002;Elek Barna;1400000
JBA-001;Lada;Fehér;2005;Kovács Géza;600000
JBC-173;Lada;Fehér;2008;Kiss István;750000
JDF-324;Suzuki;Kék;1998;Denesi Attila;1925000
JEG-145;Audi;Fekete;1997;Hunyadi Mátyas;7800000
JJA-980;Wartburg;Zöld;2008;Kiss Péter;890001
JKA-674;Lada;Fekete;2005;Batu József;615000
JKA-865;Opel;Kék;2005;Szõllõssi Álmos;2335000
JKA-965;Renault;Kék;2005;Kiss Ágnes;1340000
JOJ-818;Lada;Barna;2005;Erick Zoltán;1900000
JSL-431;Lada;Szürke;2010;Beke István;1935000
JUJ-443;Wartburg;Fekete;2003;Barna Elek;1200000
JUK-555;Skoda;Fekete;2009;Mézga Géza;800000
KAA-014;Mazda;Piros;2014;Kulifai András;1200000
KAN-124;Suzuki;Fekete;2000;Batu Kálmán;870000
KAP-768;Renault;Fekete;2000;Megyek Elek;740000
KBL-309;Lada;Kék;2013;Vari Balázs;1750000
KDF-456;Suzuki;Piros;2012;Kis Pál;1000000
KFA-343;Lada;Piros;2007;Tesó  Tamás;780025
KFT-234;Skoda;Sárga;2008;Nagy Elek;1520000
KGB-999;Ferrari;Fekete;2013;Põsch György;7779999
KGT-789;Wartburg;Zöld;2000;Ódor Péter;1000001
KHA-430;Suzuki;Fehér;2006;Bodányi Attila;860000
KHA-916;Skoda;Fehér;2006;Major Zoltán;1100000
KHA-976;Skoda;Fehér;2006;Major Zoltán;1100000
KIE-000;Fiat;Piros;2007;Kis Károly;615000
KIT-455;Peugeot;Fekete;2000;Fazekas Imréné;645000
KIT-645;Wartburg;Sárga;1999;Zorn István;700000
KIT-857;Peugeot;Fekete;2014;Michael Knight;16000000
KJA-647;Daihatsu;Piros;2008;Kiss István;1000000
KJH-639;Volkswagen;Sárga;2005;Varga Péter;600000
KJH-670;Suzuki;Fehér;2006;Balázs Tünde;860000
KJK-786;Skoda;Fehér;2007;Kovács László;500000
KKA-749;Opel;Fehér;2007;Tyukodi Zsigmond;1170000
KKA-777;Bugatti;Piros;2009;Horváth Ferenc;4506000
KKK-657;Audi;Sárga;2010;Hajdú Péter;1200000
KLM-321;Suzuki;Sárga;2010;Ságvári Endre;1000000
KLM-647;Opel;Sárga;2010;Hajas Péter;1200000
KLO-876;Audi;Piros;2004;Leitner Géza;2365867
KNK-000;Wartburg;Fehér;2002;Habsburg Ottó;1120000
KNK-234;Suzuki;Piros;1999;Kiss Ferenc;1600000
KOK-085;Lada;Piros;2003;Verõczky Erzsébet;625000
KOK-234;Wartburg;Szürke;2007;Fenyves Matild;550000
KOP-234;Wartburg;Sárga;2012;Fenyvesi Máté;500000
KSA-677;Lada;Fekete;2009;BM;1400000
KSJ-736;Lada;Barna;2012;Tóth Lajos;615045
KTV-123;Lada;Fehér;2015;Albert Dezsõ;2191780
KXS-400;Lada;Fehér;2010;Tóth Ildikó;1250000
LAK-999;Renault;Lila;2006;Gombosi Márta;1100000
LIK-824;Volkswagen;Fehér;1996;Fülöp Ernõ;1780000
LIP-232;Skoda;Rózsaszín;2014;Rózsa György;600000
LKG-154;Skoda;Barna;2014;Kovács Kázmér;615000
LKM-763;Zastava;Piros;2008;Fehér Anna;1800000
LLL-440;Lada;Piros;1998;Busa Éva;900000
LLL-555;Toyota;Fekete;2006;Tony Curtis;2000400
LOK-107;Ford;Piros;2009;Kis Ferenc;1573080
LOP-567;Renault;Piros;2005;Pálfi Ubul;1200000
LSD-345;Lada;Kék;1996;Bosnyák László;617225
LUK-100;Skoda;Kék;2007;Timár Gábor;1120000
MAD-666;Porsche;Fehér;2014;Albert Einstein;654000
MAM-123;Suzuki;Zöld;2010;Soma Viktor;1400001
MAX-200;Volkswagen;Kék;2013;Porsce György;1200000
MJA-976;Seat;Barna;1990;Postás Géza;1125000
MKJ-100;Volga;Fekete;2007;BM;500010
MMA-233;Opel;Szürke;2014;Zsíros Mária;567890
MNB-435;Wartburg;Kék;2016;Popovics Gyula;500000
MRT-121;Volkswagen;Kék;2007;Lomb Katalin;615000
MUM-584;Suzuki;Piros;1998;Kukucska Károly;1712000
NBC-322;Nissan;Piros;2004;Józan Csaba;1900000
NCA-235;Suzuki;Kék;2000;Barna Ferenc;1800000
NCA-741;Suzuki;Kék;2000;Molnár Ferenc;1500000
NCD-478;Wartburg;Fehér;2005;Csapó Sándorné;650000
NCF-238;Skoda;Zöld;2009;Toldi Miklós;1600001
NGK-888;Renault;Piros;1999;Szepesi Anna;1400000
NHG-568;Renault;Fehér;2004;Szolnoki Brigitta;1560000
NKA-385;Ford;Piros;2009;Nagy Hilda;1250000
NKH-425;Volga;Zöld;1998;Ádány Tamás;500001
NKV-678;Lada;Piros;2006;Debreceni István;900000
NMA-678;Renault;Piros;2007;Erdõs Krisztina;618375
NNN-438;Wartburg;Fehér;2004;Szolnoki Brigitta;1560000
NNN-788;Lada;Barna;2016;Kincses Bence;1753080
NON-378;Wartburg;Kék;2000;Tóth Ambrus;680000
NRA-868;Toyota;Fehér;2006;Józsa Vilmosné;1800000
OBI-001;Porsche;Fekete;2010;Ivan Kázmér;2242927
OHO-045;Seat;Szürke;2013;Gomb Etelka;750000
OLE-109;Lada;Zöld;2007;Boros Csaba;750001
OMO-645;Wartburg;Szürke;2016;Kun Béla;600000
OOA-945;Volkswagen;Fehér;1996;Volák Karola;1135600
OOO-000;Renault;Kék;2010;Kiskovács Ödön;60000000
OOO-900;Wartburg;Kék;2012;Francia Szilvia;1729935
OUT-101;Volkswagen;Piros;2003;Hertig Lilla;940000
PAA-001;Ford;Zöld;2016;Magyar Hajnalka;2300001
PAS-566;Ford;Zöld;2016;Magyar Hajnalka;2300001
PJA-383;Lada;Zöld;1999;Popovics Edit;1200001
PLI-682;Ford;Kék;2013;Macskási Géza;3000000
POJ-643;Suzuki;Szürke;2007;Oroszlán Oszkár;750000
POK-890;Renault;Kék;2005;Lengyel Menyhert;1300000
POL-787;Renault;Szürke;2006;Mester Zsigmond;1150000
POW-730;Wartburg;Fehér;2000;Blecskó Tibor;700000
PPA-349;Renault;Fehér;1990;Nagy Balázs;691340
PZA-170;Porsche;Piros;2014;Patai Zoltán;2400000
QAT-329;Renault;Zöld;2013;Majercsin Adrienn;500001
QKA-297;Renault;Piros;2010;Csukárdi Szilvia;1710000
QKI-456;Toyota;Zöld;2013;Tarsoly Balázs;3450001
QKI-457;Audi;Zöld;2015;Hangya Helga;678001
QLI-682;Ford;Szürke;2013;Márta Magdolna;3000000
QQW-754;Skoda;Barna;2007;Servacius Vazul;920000
QTR-543;Volkswagen;Zöld;1999;Sápi Erzsébet;1300041
QWE-124;Renault;Piros;2012;Kis Géza;2450000
QWE-125;Zastava;Piros;2000;Shipp Ferenc;1812000
QWE-312;Opel;Fehér;2012;Bálint József;1900000
QWE-909;Ford;Piros;2009;Rodonics Lilla;720000
QWR-629;Skoda;Kék;2014;Varga Elek;615000
QWT-295;Renault;Zöld;2012;Fekete Péter;2429001
QWT-329;Maruti;Zöld;2012;Fekete Pál;2429001
QWT-454;Renault;Zöld;2013;Majercsin Anikó;2050001
RAA-046;Lada;Kék;2010;BRFK;1150000
RAA-048;Peugeot;Kék;2000;BRFK;1000000
RAA-203;Lada;Fehér;2008;BRFK;500000
RAA-213;Lada;Fehér;2008;BRFK;500000
RAA-223;Lada;Fehér;2008;BRFK;500000
RAA-349;Volkswagen;Fekete;2001;BRFK;616000
RAP-001;Audi;Kék;2007;Lapos Elemér;1340000
RED-354;Lada;Kék;1996;Pekarik Erzsébet;1152250
RER-900;Renault;Kék;2010;Reyk Gizella;850000
RET-121;Ford;Piros;2017;Répa János;1620000
RLI-395;Suzuki;Fekete;2011;Mackó Máté;1250000
ROM-998;Renault;Zöld;1998;Barna Barnabás;1580001
RQW-472;Opel;Kék;2016;Horn Gyula;6700000
RRA-945;Fiat;Zöld;2008;BRFK;1151701
RRA-949;Suzuki;Fekete;1998;BRFK;1135780
RRR-111;Maruti;Fehér;2008;Koponyányi Elek;24000000
RRR-131;Lada;Fehér;1996;BRFK;502000
RTH-546;Skoda;Zöld;2004;Nagy László;500001
RTL-001;Porsche;Fekete;2014;Gazdag Péter;615000
RTY-982;Opel;Fekete;2010;Kecske Ede;1315160
RUM-112;Lada;Barna;1998;Barnabás Lénard;1582000
SAK-587;Skoda;Kék;2007;Jászai Margit;784500
SAR-123;Opel;Sárga;2017;Gere Imre;999999
SAS-001;Toyota;Piros;2013;Tóth Fruzsina;2500000
SAT-001;Bmw;Lila;2014;Tresó Gábor;1234321
SAT-111;Mercedes;Zöld;2014;Dr. Bubó János;615001
SAT-666;Ford;Zöld;2011;Gere Balázs;3457996
SDF-674;Volkswagen;Fehér;1998;Kálmán István;1600000
SDI-002;Nissan;Zöld;2010;Fekete István;758001
SDP-296;Volkswagen;Piros;2009;Szegedi Éva;650000
SEX-699;Opel;Fehér;2010;Palócz Hajnalka;1120000
SIR-068;Opel;Kék;2007;Szatymaz Pál;4234000
SJA-994;Mercedes;Bordó;2015;Szedleczki Júlia;661715
SKC-123;Porsche;Piros;2014;Körmendi István;1000000
SKL-122;Ferrari;Piros;2009;Kováts András;12000000
SLT-111;Nissan;Fehér;2009;Asszi Ferenc;1632740
SOD-364;Jaguar;Kék;2011;Horn Gyula;25559000
SOS-999;Volga;Fekete;2011;Szövet János;4327865
SOY-122;Opel;Zöld;1998;Karvaly János;1853641
SSE-586;Opel;Fehér;2009;Sáros Ervin;2001200
SSE-765;Zastava;Kék;2012;Fülöp Zsuzsa;1200000
SSE-782;Audi;Piros;2000;Malaci Lajos;1024680
SSS-765;Zastava;Kék;2017;Fekete István;1150000
SZA-100;Volkswagen;Kék;2011;Szabó András;500000
SZE-115;Toyota;Lila;2010;Dagi Mária;1120000
SZJ-100;Volkswagen;Kék;2012;Szabolcsi András;500000
SZJ-277;Mercedes;Bordó;2014;Szedleczki Júlia;750000
SZJ-777;Mercedes;Kék;2008;Szedleczki Júlia;890000
SZM-456;Wartburg;Kék;2002;Deák Sándor;780000
TAA-245;Wartburg;Piros;2005;Szûcs Gyula;1000000
TCA-547;Skoda;Fehér;2002;Marx György;1550000
TCE-098;Mazda;Kék;2012;Adás Géza;2300000
TDJ-487;Lada;Fehér;2011;Kis Gábor;2250000
TDK-789;Opel;Fehér;2010;Kóber Máté;2500000
TER-116;Lada;Kék;2014;Rédy Gabriella;2175000
TER-449;Volkswagen;Fehér;2001;Brunó Vilmos;1820000
TER-788;Wartburg;Fehér;2010;Gál István;890000
TFR-056;Ford;Lila;2010;Zete Jenõ;1600000
TGB-666;Volkswagen;Kék;2013;Timár Imre;1270000
THR-532;Fiat;Kék;2002;Demszky Gábor;800000
TIP-124;Suzuki;Fekete;2004;Kiss Béla;1180000
TNT-001;Skoda;Fehér;2016;Báthory László;670000
TNT-002;Wartburg;Piros;2014;Takács Attila;615000
TOA-414;Wartburg;Kék;2004;Olajos Lajos;500000
TOY-111;Mazda;Kék;2014;Tóth József;729635
TRA-997;Skoda;Fehér;2002;Nagy József;500000
TRE-765;Audi;Kék;2016;Torgyán József;12500000
TRE-780;Skoda;Fehér;2010;Xantus Zénó;929500
TRF-466;Skoda;Fehér;2008;Séty Sára;680000
TTR-768;Opel;Kék;2009;Paci Pali;617280
TTT-111;Fiat;Barna;2012;Gyík Ádám;1200000
TUF-221;Lada;Kék;1999;Lénárd Ákos;1600000
TUI-546;Skoda;Kék;2000;Gróf Béla;900000
TUT-777;Jaguar;Zöld;1990;Skara Lászlóné;3000001
TVA-788;Lada;Fehér;2002;Józsa Vilmos;1120000
TZA-537;Skoda;Fehér;2002;Nagy József;500000
TYU-353;Bmw;Fehér;2014;Tóth József;1234444
UCU-101;Skoda;Kék;1997;Szomszéd Enikõ;1020000
UHA-996;Audi;Kék;2010;Tarsoly Pál;750000
UHU-238;Lada;Kék;2010;Bagoly Elemér;750000
UHU-239;Lada;Kék;2010;Bagoly Elemér;750000
UHU-676;Suzuki;Zöld;2008;Bagoly Balázsné;1126661
UHU-888;Lada;Fehér;2010;Verebi Elek;750000
UHU-999;Seat;Kék;1997;Oláh Imre;1570000
UIO-094;Skoda;Lila;2008;Nagy Elek;1000000
URH-111;Lada;Fehér;2014;Rendor Endre;950000
UTA-866;Lotus;Barna;2010;Szegedi Anikó;549585
UTY-481;Mazda;Zöld;2000;Serti Anikó;4000001
UUI-899;Volkswagen;Piros;1998;Vica Imréné;1113560
UVA-384;Lada;Kék;2010;Nemecsek Ernõ;750000
VAK-625;Opel;Fekete;2000;Vak Károly;5400000
VDS-TDY;Skoda;Zöld;2014;Kiss Ödön;615001
VFG-756;Mercedes;Bordó;2014;Szedleczki Júlia;615000
VGF-270;Lada;Fehér;2008;BKV;1750000
VGH-324;Suzuki;Kék;1998;Denes András.;1700000
VHS-456;Mercedes;Fekete;2000;Tóth Ottó;2500000
VHV-238;Lada;Zöld;1999;Mann András;600001
VKF-432;Lada;Piros;2004;Dózsa György;3400000
VRA-993;Toyota;Piros;2013;Tilli Noémi;2000000
VUK-001;Skoda;Zöld;2015;Vakar Károly;1250001
VVB-789;Skoda;Lila;2009;Kutya Márta;1172800
VWY-777;Peugeot;Kék;2010;Nagy Ferenc;754987
VXA-678;Volkswagen;Zöld;1997;Szabó Lajos;1728351
WAR-712;Zastava;Kék;2000;Várhelyi László;500000
WBC-123;Opel;Fekete;2008;Kiss István;750000
WDC-987;Opel;Piros;2004;János Vilmos;700000
WEK-777;Skoda;Kék;2017;Gáspár Júlia;725000
WEK-888;Skoda;Zöld;2016;Gáspár Piroska;780001
WER-456;Skoda;Kék;1999;Almási Gyula;615000
WIN-100;Volkswagen;Fekete;2012;Csomó Ernõ;1700000
WRE-102;Opel;Piros;2005;Nagy Péter;1200000
WWW-547;Honda;Fehér;2016;Budai Nagy Antal;2348763
WXY-999;Toyota;Kék;2005;Gecse Péter;1100000
XCV-789;Renault;Kék;2007;Varga László;1120000
XXA-436;Renault;Fekete;2010;Lovas István;616725
XXA-533;Wartburg;Kék;1998;Németh László;729340
XXX-001;Volkswagen;Piros;2005;Kerekes Imre;500000
XXX-002;Renault;Fehér;2015;Majercsin Géza;1150000
XXX-008;Audi;Kék;2008;Magyar Hajnalka;1174935
XXX-011;Nissan;Kék;2015;Ormándi Tamás;1047000
XXX-111;Volga;Barna;2008;Gábor Edit;2250000
XYZ-789;Skoda;Fehér;2004;Lázár Péter;752000
YGY-111;Suzuki;Fehér;2000;Harap Endre;1813400
YKA-297;Opel;Kék;2010;Csukó Szilvia;1160000
YTG-766;Lada;Barna;2010;Bak Béla;893580
YTR-788;Lada;Piros;2010;Álnok Benõ;913560
YTY-089;Opel;Fehér;2000;Nagy Ilona;615000
YUK-145;Opel;Kék;2002;Kovács Hedvig;1800000
YYU-663;Ford;Kék;2009;Grósz Anita;3323456
YYY-010;Audi;Piros;2017;Eleki Éva;1000000
YYY-111;Opel;Szürke;2001;Kolbert Krisztina;4000000
ZAB-117;Suzuki;Fekete;2010;Répa Lajos;1622545
ZBA-236;Lada;Kék;1996;Verõczky Viktor;1640000
ZKZ-787;Skoda;Zöld;2002;Takács Ferenc;800001
ZPA-244;Lada;Fekete;2007;Pirák Judit;950000
ZUK-432;Wartburg;Fehér;1999;Feskó Csaba;900000
ZYK-456;Porsche;Fekete;2014;Kulifai András;5839682
ZSA-567;Wartburg;Fehér;2007;Erdei Mátyás;615000
